name,IGSN,microns,traverse,Fo,Li,MgO,Al,SiO2,P,CaO,Sc,Ti,V,Cr,MnO,FeO,Co,Ni,Cu,Zn
Kiki,IEFERJAIC,419,c-axis,86.1,1.969,44.878,324.806,40.182,46.994,0.317,4.365,98.076,6.000,562.283,0.168,12.912,159.882,2742,3.402,110.676
Kiki,IEFERJAIC,402,c-axis,86.2,2.845,45.459,332.725,40.504,48.249,0.299,4.360,99.908,5.856,565.277,0.168,12.967,158.385,2781,3.462,110.121
Kiki,IEFERJAIC,385,c-axis,86.2,2.527,46.137,327.234,40.694,44.872,0.346,4.414,99.298,5.997,559.733,0.175,13.132,160.058,2821,3.889,114.581
Kiki,IEFERJAIC,367,c-axis,86.1,2.500,45.314,315.671,40.168,39.855,0.332,4.352,96.180,5.725,546.184,0.171,13.022,160.400,2769,3.534,112.317
Kiki,IEFERJAIC,350,c-axis,86.6,2.659,46.912,314.564,41.102,35.030,0.306,4.509,96.539,5.922,541.523,0.167,12.967,161.274,2756,3.714,112.306
Kiki,IEFERJAIC,333,c-axis,86.5,2.527,46.525,311.449,41.766,33.197,0.291,4.442,96.376,5.834,555.861,0.173,12.967,160.425,2755,3.620,111.468
Kiki,IEFERJAIC,316,c-axis,86.8,3.031,47.591,322.823,40.376,37.250,0.307,4.715,98.081,5.871,546.804,0.173,12.912,161.057,2772,3.598,113.358
Kiki,IEFERJAIC,298,c-axis,86.6,2.845,46.186,307.943,40.616,36.092,0.285,4.501,98.043,5.957,540.741,0.170,12.692,160.742,2761,3.376,108.502
Kiki,IEFERJAIC,281,c-axis,86.5,2.978,46.331,308.309,40.195,37.442,0.313,4.315,98.352,6.036,560.395,0.169,12.912,159.737,2744,3.385,110.369
Kiki,IEFERJAIC,264,c-axis,86.3,2.208,44.781,299.582,39.344,37.732,0.302,4.509,96.092,5.610,519.194,0.164,12.638,156.812,2676,3.167,108.786
Kiki,IEFERJAIC,246,c-axis,86.3,2.314,44.345,304.168,38.788,33.390,0.309,4.174,95.963,5.483,502.897,0.161,12.528,153.692,2638,3.133,106.726
Kiki,IEFERJAIC,229,c-axis,86.0,2.447,44.296,310.737,39.655,35.127,0.320,4.533,99.021,5.709,546.360,0.167,12.857,157.384,2703,3.534,106.081
Kiki,IEFERJAIC,212,c-axis,86.4,2.367,44.829,315.037,39.069,36.671,0.272,4.452,98.543,5.780,502.395,0.164,12.583,154.819,2678,2.890,104.282
Kiki,IEFERJAIC,195,c-axis,86.5,2.102,45.362,307.358,38.766,38.697,0.286,4.318,101.011,5.608,527.161,0.166,12.638,155.041,2664,3.137,105.945
Kiki,IEFERJAIC,177,c-axis,86.2,2.314,44.878,306.461,39.359,34.837,0.317,4.298,100.402,5.680,549.839,0.165,12.802,157.573,2692,3.069,105.866
Kiki,IEFERJAIC,160,c-axis,86.2,2.049,45.604,304.146,39.389,39.565,0.305,4.320,101.445,5.780,538.608,0.170,12.967,159.645,2675,3.351,111.083
Kiki,IEFERJAIC,143,c-axis,86.4,1.863,46.137,301.614,40.433,38.890,0.304,4.695,101.260,5.662,519.630,0.168,12.967,158.370,2725,3.210,108.491
Kiki,IEFERJAIC,125,c-axis,86.6,2.898,46.137,349.809,39.945,40.626,0.338,4.536,105.827,6.209,630.809,0.167,12.692,156.521,2668,3.048,106.352
Kiki,IEFERJAIC,108,c-axis,86.6,2.978,46.379,362.389,40.798,40.337,0.331,4.370,105.538,6.239,678.570,0.169,12.747,157.413,2673,3.137,106.567
Kiki,IEFERJAIC,91,c-axis,86.3,2.181,46.186,371.082,40.636,34.066,0.348,4.452,108.830,6.358,678.750,0.170,13.022,156.516,2699,3.103,106.829
Kiki,IEFERJAIC,73,c-axis,86.3,1.969,46.331,327.838,40.317,31.750,0.339,4.734,104.832,5.977,574.347,0.170,13.077,159.948,2690,3.517,105.380
Kiki,IEFERJAIC,56,c-axis,86.2,1.518,46.379,339.560,41.015,42.749,0.297,4.955,107.638,5.887,568.155,0.170,13.187,161.867,2753,3.513,109.147
Kiki,IEFERJAIC,39,c-axis,86.7,1.889,47.833,372.589,41.324,51.240,0.357,4.925,112.317,6.034,646.275,0.171,13.077,160.282,2722,3.035,113.744
Kikin,IEMN1KI02,498,a-axis,84.435,1.196,45.123,331.878,39.931,54.081,0.290,5.027,119.663,8.801,475.381,0.195,14.826,171.447,2585,4.648,118.279
Kikin,IEMN1KI02,480,a-axis,84.581,1.447,45.863,332.571,40.107,40.599,0.340,4.974,110.643,8.730,502.584,0.198,14.903,170.610,2614,4.576,120.038
Kikin,IEMN1KI02,461,a-axis,84.377,1.280,44.692,305.205,39.343,41.469,0.294,5.187,111.382,9.480,485.121,0.193,14.750,169.605,2635,4.137,120.705
Kikin,IEMN1KI02,443,a-axis,84.525,1.113,45.431,321.183,39.864,54.081,0.344,5.128,111.826,8.930,477.656,0.197,14.826,165.900,2529,4.432,116.399
Kikin,IEMN1KI02,425,a-axis,84.413,1.447,44.815,309.937,39.023,51.688,0.268,4.899,102.584,8.888,460.766,0.195,14.750,166.139,2586,4.672,119.331
Kikin,IEMN1KI02,407,a-axis,84.470,0.487,44.076,293.962,40.011,41.687,0.280,5.015,101.475,8.698,487.063,0.197,14.444,166.462,2540,4.935,116.702
Kikin,IEMN1KI02,389,a-axis,84.866,0.988,45.924,291.627,39.058,54.733,0.309,5.154,107.020,9.034,456.363,0.198,14.597,166.751,2534,4.568,118.663
Kikin,IEMN1KI02,370,a-axis,84.582,1.113,44.692,263.715,40.352,56.690,0.262,4.902,108.425,9.079,457.148,0.200,14.521,166.176,2566,5.015,119.229
Kikin,IEMN1KI02,352,a-axis,84.368,0.988,44.199,264.573,39.387,51.036,0.284,4.529,106.428,8.413,428.565,0.193,14.597,165.257,2523,4.201,116.440
Kikin,IEMN1KI02,334,a-axis,84.459,0.904,44.507,265.686,39.317,43.209,0.242,4.852,110.643,8.937,453.394,0.197,14.597,165.316,2490,4.328,118.986
Kikin,IEMN1KI02,316,a-axis,84.546,0.737,44.569,279.615,39.705,45.600,0.279,4.603,113.157,9.118,477.343,0.193,14.521,166.409,2521,4.344,117.390
Kikin,IEMN1KI02,298,a-axis,84.669,1.280,44.754,258.486,39.403,49.297,0.245,4.787,106.946,8.672,419.582,0.195,14.444,162.104,2480,4.177,119.856
Kikin,IEMN1KI02,279,a-axis,84.707,0.529,45.123,259.294,39.510,43.643,0.307,4.657,103.619,8.895,450.787,0.197,14.521,166.166,2524,4.193,121.311
Kikin,IEMN1KI02,261,a-axis,84.340,0.988,44.569,258.570,39.660,60.169,0.268,5.000,103.545,8.416,438.928,0.193,14.750,168.515,2491,4.416,116.015
Kikin,IEMN1KI02,243,a-axis,84.812,1.572,45.493,243.650,39.424,55.603,0.298,4.870,103.397,8.229,447.591,0.193,14.521,165.973,2510,4.376,117.956
Kikin,IEMN1KI02,225,a-axis,84.524,0.529,44.261,248.764,39.559,55.385,0.296,4.923,100.366,8.410,411.458,0.192,14.444,169.262,2498,4.296,113.611
Kikin,IEMN1KI02,207,a-axis,84.791,1.238,44.938,230.597,39.235,46.687,0.282,4.805,103.397,8.313,426.025,0.195,14.368,166.898,2504,4.344,114.539
Kikin,IEMN1KI02,188,a-axis,84.681,1.196,44.322,238.622,39.276,57.342,0.309,4.695,110.642,8.216,459.440,0.193,14.292,166.032,2527,4.328,109.204
Kikin,IEMN1KI02,170,a-axis,84.391,1.238,44.507,231.407,40.035,41.251,0.319,4.559,106.946,8.326,415.997,0.192,14.673,169.857,2490,4.121,113.146
Kikin,IEMN1KI02,152,a-axis,84.651,1.071,44.692,226.376,39.217,30.162,0.286,4.497,108.499,7.919,507.299,0.190,14.444,169.917,2507,4.752,111.993
Kikin,IEMN1KI02,134,a-axis,84.838,0.863,44.384,228.709,39.934,37.773,0.284,4.695,108.646,7.812,438.803,0.195,14.139,169.523,2534,4.145,109.751
Kikin,IEMN1KI02,116,a-axis,85.445,0.821,45.308,228.765,39.572,35.598,0.289,4.618,102.289,7.812,453.662,0.192,13.757,169.141,2530,4.528,113.630
Kikin,IEMN1KI02,97,a-axis,85.465,0.737,44.877,217.495,39.447,39.729,0.321,4.659,104.580,7.525,466.007,0.189,13.604,166.445,2554,4.472,106.943
Kikin,IEMN1KI02,79,a-axis,85.221,1.196,44.754,209.971,39.546,41.251,0.287,4.615,114.857,7.224,486.094,0.187,13.833,169.266,2558,4.257,109.367
Kikin,IEMN1KI02,61,a-axis,85.935,0.821,45.062,201.592,38.920,47.993,0.282,4.562,105.763,7.063,471.531,0.180,13.146,164.153,2550,4.352,108.639
Kikin,IEMN1KI02,43,a-axis,86.022,0.612,45.123,203.062,39.581,47.122,0.245,4.538,112.639,6.801,499.093,0.177,13.069,169.485,2633,3.881,106.093
Kikin,IEMN1KI02,866,c-axis,84.743,1.557,45.324,334.985,40.754,80.126,0.342,5.515,100.543,9.061,481.816,0.197,14.544,172.715,2709.843,4.429,127.855
Kikin,IEMN1KI02,848,c-axis,84.360,2.034,45.712,353.010,40.939,82.670,0.329,5.163,110.366,8.950,486.120,0.198,15.106,174.980,2710.280,4.836,128.387
Kikin,IEMN1KI02,830,c-axis,84.626,1.600,45.906,353.329,40.719,68.795,0.358,5.275,108.832,9.189,491.020,0.198,14.865,169.180,2669.787,5.345,124.553
Kikin,IEMN1KI02,812,c-axis,84.332,1.167,45.129,352.425,40.914,73.188,0.295,4.988,108.908,9.041,503.925,0.195,14.945,172.962,2664.838,5.155,123.679
Kikin,IEMN1KI02,794,c-axis,84.681,1.427,46.101,352.485,40.670,87.989,0.266,5.515,104.994,9.058,474.378,0.200,14.865,168.996,2640.516,5.103,124.298
Kikin,IEMN1KI02,776,c-axis,84.393,1.210,45.583,340.973,39.487,68.795,0.332,5.203,108.600,9.596,503.967,0.202,15.025,169.163,2707.035,4.931,122.360
Kikin,IEMN1KI02,757,c-axis,84.332,1.080,45.129,349.794,40.024,79.202,0.277,5.244,109.982,8.994,479.487,0.194,14.945,167.393,2633.629,5.397,117.822
Kikin,IEMN1KI02,739,c-axis,84.534,1.297,45.583,336.587,39.063,66.714,0.304,5.110,106.068,9.028,499.368,0.200,14.865,169.527,2587.203,5.216,124.490
Kikin,IEMN1KI02,721,c-axis,84.682,1.297,44.612,333.346,39.314,65.789,0.307,5.194,104.994,8.379,463.545,0.190,14.384,168.712,2645.817,5.760,118.099
Kikin,IEMN1KI02,703,c-axis,84.432,0.777,44.741,334.077,38.854,61.395,0.325,5.157,105.761,9.054,499.242,0.198,14.705,166.638,2552.304,4.991,121.145
Kikin,IEMN1KI02,685,c-axis,84.389,1.167,44.353,324.354,38.828,54.921,0.303,5.269,107.450,9.182,465.083,0.194,14.624,164.594,2611.781,4.922,117.525
Kikin,IEMN1KI02,666,c-axis,84.331,1.167,44.158,328.440,39.736,61.164,0.354,5.191,105.608,8.144,491.338,0.195,14.624,170.651,2598.110,4.654,125.448
Kikin,IEMN1KI02,648,c-axis,84.694,0.994,45.647,319.598,39.211,59.545,0.306,5.082,110.059,9.061,489.065,0.197,14.705,169.036,2593.311,4.663,125.086
Kikin,IEMN1KI02,630,c-axis,84.719,0.864,44.741,316.091,39.570,70.414,0.307,4.904,114.510,8.611,520.065,0.190,14.384,164.048,2599.246,4.369,118.802
Kikin,IEMN1KI02,612,c-axis,84.206,0.994,44.223,307.483,39.232,58.851,0.285,5.066,104.380,8.651,452.825,0.192,14.785,167.019,2568.407,5.129,121.635
Kikin,IEMN1KI02,594,c-axis,84.808,0.907,44.547,298.493,38.720,59.314,0.315,5.160,99.009,8.332,434.896,0.194,14.224,161.870,2572.474,4.403,121.231
Kikin,IEMN1KI02,575,c-axis,84.615,1.297,43.641,282.944,39.106,65.095,0.322,4.826,104.150,8.473,429.291,0.189,14.143,166.833,2551.724,4.784,121.060
Kikin,IEMN1KI02,557,c-axis,84.579,0.994,45.000,301.588,39.361,62.320,0.334,5.044,102.768,8.332,498.018,0.198,14.624,168.089,2557.869,4.913,117.290
Kikin,IEMN1KI02,539,c-axis,84.622,0.864,44.158,289.387,38.378,55.151,0.314,4.917,98.472,8.352,448.570,0.195,14.304,163.229,2584.857,5.155,119.505
Kikin,IEMN1KI02,521,c-axis,84.222,1.037,43.317,282.711,39.189,70.414,0.312,4.892,109.752,8.658,460.331,0.189,14.464,164.766,2528.573,4.386,116.822
Kikin,IEMN1KI02,503,c-axis,84.733,0.820,44.288,282.067,38.703,52.377,0.318,4.829,109.138,8.026,456.358,0.192,14.224,163.147,2525.231,4.827,122.359
Kikin,IEMN1KI02,484,c-axis,84.404,1.340,44.158,292.339,39.145,43.359,0.316,5.088,109.982,8.402,495.593,0.194,14.544,169.120,2557.271,4.741,117.675
Kikin,IEMN1KI02,466,c-axis,84.399,0.950,43.899,299.806,39.119,50.990,0.299,4.963,105.838,8.352,480.026,0.192,14.464,166.504,2525.944,4.663,120.037
Kikin,IEMN1KI02,448,c-axis,84.641,0.647,44.223,286.155,39.715,49.602,0.352,5.069,107.527,8.463,471.391,0.195,14.304,166.885,2602.513,5.034,118.376
Kikin,IEMN1KI02,430,c-axis,84.192,0.864,44.417,294.292,40.549,59.777,0.339,5.341,110.519,8.238,467.258,0.200,14.865,166.824,2566.598,4.343,121.017
Kikin,IEMN1KI02,412,c-axis,84.306,0.777,43.835,283.123,38.311,54.689,0.309,5.163,110.980,8.268,485.991,0.197,14.544,164.267,2552.222,4.317,118.057
Kikin,IEMN1KI02,393,c-axis,84.518,0.777,44.547,280.500,39.769,59.083,0.332,4.907,111.440,8.903,459.579,0.194,14.544,171.864,2601.100,4.715,119.314
Kikin,IEMN1KI02,375,c-axis,84.250,0.734,44.612,293.596,39.363,69.257,0.334,5.203,111.825,8.644,469.455,0.198,14.865,167.858,2549.970,4.464,120.464
Kikin,IEMN1KI02,357,c-axis,84.587,1.297,44.288,272.567,39.117,71.107,0.343,5.521,111.671,8.476,474.935,0.195,14.384,166.425,2571.057,4.896,119.271
Kikin,IEMN1KI02,339,c-axis,84.461,0.690,44.353,285.947,40.035,71.108,0.327,5.244,121.417,8.460,504.616,0.192,14.544,167.383,2571.857,4.602,115.140
Kikin,IEMN1KI02,321,c-axis,84.672,1.037,45.324,285.071,39.617,61.396,0.367,5.172,118.962,8.191,489.478,0.195,14.624,168.785,2549.162,4.602,119.292
Kikin,IEMN1KI02,303,c-axis,84.433,0.950,43.770,270.815,38.851,57.695,0.360,4.783,113.359,8.406,479.812,0.197,14.384,166.560,2543.478,4.801,115.566
Kikin,IEMN1KI02,284,c-axis,84.360,1.210,44.741,286.502,39.822,66.714,0.349,5.375,112.975,8.413,492.360,0.195,14.785,166.942,2554.344,4.697,118.313
Kikin,IEMN1KI02,266,c-axis,84.650,0.950,45.000,280.814,39.000,53.071,0.349,5.048,120.036,8.816,484.483,0.194,14.544,163.459,2571.668,5.484,118.014
Kikin,IEMN1KI02,248,c-axis,84.231,0.907,44.547,279.737,39.155,59.083,0.374,5.412,122.031,8.238,484.088,0.198,14.865,171.280,2577.500,4.749,121.018
Kikin,IEMN1KI02,230,c-axis,84.728,1.124,45.518,270.432,39.183,66.483,0.351,4.985,118.424,8.188,511.758,0.202,14.624,168.326,2583.994,4.524,123.318
Kikin,IEMN1KI02,211,c-axis,84.733,0.690,44.288,274.667,39.849,68.564,0.380,5.362,122.952,7.979,539.470,0.195,14.224,166.876,2594.719,4.308,115.416
Kikin,IEMN1KI02,193,c-axis,84.336,1.124,44.417,290.439,39.486,63.939,0.355,5.306,111.901,8.251,523.859,0.198,14.705,166.633,2516.613,4.879,120.272
Kikin,IEMN1KI02,175,c-axis,84.587,0.647,44.288,272.151,38.463,53.302,0.340,5.063,124.641,7.472,486.656,0.195,14.384,165.733,2544.916,5.112,117.588
Kikin,IEMN1KI02,157,c-axis,84.487,1.210,43.705,277.288,39.880,68.795,0.351,4.854,120.957,8.006,513.919,0.192,14.304,168.949,2551.651,4.974,114.310
Kikin,IEMN1KI02,139,c-axis,84.759,0.560,45.129,262.447,39.232,62.088,0.367,5.456,120.880,7.284,528.448,0.195,14.464,168.360,2556.069,4.663,115.565
Kikin,IEMN1KI02,120,c-axis,84.936,1.167,44.741,261.365,39.784,52.377,0.349,5.322,113.973,7.885,513.209,0.190,14.143,164.568,2571.464,4.429,114.650
Kikin,IEMN1KI02,102,c-axis,84.845,1.384,44.676,264.957,39.536,57.927,0.340,4.742,118.501,7.442,530.668,0.192,14.224,167.981,2566.209,4.611,113.989
Kikin,IEMN1KI02,84,c-axis,85.155,0.604,45.259,264.719,39.257,50.527,0.350,5.250,118.270,7.650,511.603,0.194,14.063,163.564,2521.476,4.870,114.650
Kikin,IEMN1KI02,66,c-axis,84.959,1.037,45.583,257.697,40.533,50.527,0.319,5.166,103.153,7.297,511.101,0.195,14.384,167.904,2597.710,4.784,116.163
SC1-2,IEFERJAI4,1141,a-axis,88.875,,46.139,,38.784,55.846,,4.105,43.167,2.747,103.766,0.152,10.294,140.008,2420,,72.903
SC1-2,IEFERJAI4,1124,a-axis,88.769,,47.358,,38.784,55.716,,4.143,41.943,2.620,100.522,0.150,10.680,140.614,2439,,73.904
SC1-2,IEFERJAI4,1106,a-axis,88.931,,47.129,,38.784,49.797,,3.947,41.499,2.744,104.511,0.155,10.456,139.597,2447,,76.857
SC1-2,IEFERJAI4,1089,a-axis,88.764,,46.882,,38.784,54.527,,4.004,40.173,2.714,102.751,0.153,10.578,139.634,2474,,75.065
SC1-2,IEFERJAI4,1072,a-axis,88.718,,46.932,,38.784,56.954,,3.754,40.952,2.622,104.932,0.151,10.638,138.816,2446,,77.226
SC1-2,IEFERJAI4,1055,a-axis,88.778,,47.042,,38.784,51.179,,3.664,39.517,2.499,104.107,0.154,10.599,139.987,2454,,73.782
SC1-2,IEFERJAI4,1037,a-axis,88.653,,46.744,,38.784,45.521,,3.558,40.561,2.670,102.169,0.153,10.664,141.060,2382,,73.995
SC1-2,IEFERJAI4,1020,a-axis,88.678,,47.683,,38.784,54.460,,4.081,40.407,2.668,104.204,0.152,10.852,143.335,2500,,77.247
SC1-2,IEFERJAI4,1003,a-axis,88.909,,47.056,,38.784,51.659,,3.519,40.856,2.798,99.580,0.150,10.463,136.947,2366,,75.726
SC1-2,IEFERJAI4,985,a-axis,88.759,,46.284,,38.784,51.500,,3.896,40.944,2.525,100.437,0.147,10.448,137.249,2394,,74.202
SC1-2,IEFERJAI4,968,a-axis,88.874,,46.350,,38.784,49.428,,4.144,40.881,2.743,101.241,0.148,10.343,136.728,2401,,73.604
SC1-2,IEFERJAI4,951,a-axis,88.920,,47.308,,38.784,45.450,,3.996,40.431,2.372,100.936,0.152,10.508,137.231,2394,,74.038
SC1-2,IEFERJAI4,933,a-axis,89.031,,46.983,,38.784,51.439,,3.848,40.536,2.638,101.844,0.151,10.317,137.683,2420,,74.481
SC1-2,IEFERJAI4,916,a-axis,88.897,,47.593,,38.784,55.091,,3.873,40.690,2.654,102.401,0.153,10.595,138.420,2451,,73.673
SC1-2,IEFERJAI4,899,a-axis,88.942,,47.284,,38.784,55.246,,4.081,41.253,2.695,100.019,0.155,10.479,138.505,2430,,73.646
SC1-2,IEFERJAI4,882,a-axis,88.919,,47.383,,38.784,47.814,,3.812,41.303,2.748,101.235,0.152,10.525,138.427,2406,,72.797
SC1-2,IEFERJAI4,864,a-axis,89.009,,46.265,,38.784,52.618,,3.968,40.333,2.519,100.918,0.147,10.183,135.516,2353,,73.685
SC1-2,IEFERJAI4,847,a-axis,89.031,,47.125,,38.784,49.575,,3.840,40.907,2.566,99.458,0.147,10.349,137.085,2365,,78.077
SC1-2,IEFERJAI4,830,a-axis,88.998,,46.956,,38.784,51.139,,3.900,40.972,2.495,101.123,0.149,10.347,138.676,2399,,71.568
SC1-2,IEFERJAI4,813,a-axis,88.896,,47.309,,38.784,49.205,,4.102,41.975,2.628,100.577,0.151,10.533,137.863,2356,,74.265
SC1-2,IEFERJAI4,795,a-axis,89.043,,46.772,,38.784,55.808,,3.908,42.136,2.517,99.781,0.148,10.259,135.437,2366,,75.347
SC1-2,IEFERJAI4,778,a-axis,89.031,,47.095,,38.784,50.104,,3.919,39.293,2.624,102.030,0.150,10.342,136.323,2361,,75.747
SC1-2,IEFERJAI4,761,a-axis,88.885,,47.042,,38.784,49.545,,4.146,40.378,2.687,101.117,0.148,10.485,136.135,2390,,76.418
SC1-2,IEFERJAI4,743,a-axis,88.964,,47.111,,38.784,45.723,,3.860,40.714,2.597,98.268,0.152,10.417,135.836,2362,,75.138
SC1-2,IEFERJAI4,726,a-axis,89.156,,47.096,,38.784,54.731,,4.208,40.074,2.413,99.377,0.148,10.211,134.792,2369,,72.258
SC1-2,IEFERJAI4,709,a-axis,89.009,,47.451,,38.784,46.334,,4.202,39.779,2.651,100.356,0.152,10.444,136.926,2401,,75.228
SC1-2,IEFERJAI4,692,a-axis,89.100,,47.130,,38.784,54.066,,4.191,40.615,2.540,100.263,0.147,10.277,137.012,2390,,73.342
SC1-2,IEFERJAI4,674,a-axis,89.042,,47.677,,38.784,52.970,,3.864,41.643,2.445,103.259,0.149,10.458,136.992,2390,,72.317
SC1-2,IEFERJAI4,657,a-axis,89.212,,47.257,,38.784,49.942,,3.965,41.347,2.620,101.058,0.149,10.185,137.680,2395,,73.678
SC1-2,IEFERJAI4,640,a-axis,88.952,,46.921,,38.784,49.084,,3.967,40.710,2.702,98.340,0.154,10.387,137.862,2377,,73.917
SC1-2,IEFERJAI4,622,a-axis,88.759,,46.828,,38.784,54.373,,3.826,39.761,2.635,102.545,0.154,10.571,138.415,2383,,75.281
SC1-2,IEFERJAI4,605,a-axis,89.032,,46.934,,38.784,43.048,,3.694,39.220,2.627,98.582,0.146,10.306,133.981,2387,,72.663
SC1-2,IEFERJAI4,588,a-axis,88.941,,47.224,,38.784,46.507,,4.049,40.709,2.593,100.504,0.152,10.466,136.181,2395,,72.995
SC1-2,IEFERJAI4,571,a-axis,88.941,,47.143,,38.784,48.353,,4.042,40.496,2.619,101.261,0.148,10.448,136.096,2373,,74.430
SC1-2,IEFERJAI4,553,a-axis,89.170,,46.283,,38.784,40.261,,4.012,38.884,2.530,96.631,0.149,10.020,136.289,2378,,71.197
SC1-2,IEFERJAI4,536,a-axis,89.020,,47.129,,38.784,48.620,,4.033,41.385,2.601,100.242,0.151,10.361,136.100,2365,,74.781
SC1-2,IEFERJAI4,519,a-axis,88.815,,46.685,,38.784,48.105,,4.014,40.579,2.666,99.838,0.152,10.479,137.472,2368,,75.217
SC1-2,IEFERJAI4,501,a-axis,88.872,,46.490,,38.784,46.329,,4.284,39.279,2.768,99.401,0.149,10.376,138.377,2388,,74.166
SC1-2,IEFERJAI4,484,a-axis,89.156,,47.394,,38.784,51.788,,4.017,42.214,2.683,99.239,0.148,10.275,134.573,2351,,71.807
SC1-2,IEFERJAI4,467,a-axis,88.838,,46.209,,38.784,43.179,,4.047,40.791,2.758,98.357,0.147,10.349,135.378,2347,,72.139
SC1-2,IEFERJAI4,450,a-axis,89.110,,47.987,,38.784,47.971,,4.186,42.598,2.479,100.887,0.150,10.453,138.028,2406,,73.119
SC1-2,IEFERJAI4,432,a-axis,88.885,,47.188,,38.784,42.933,,3.924,41.049,2.576,99.374,0.149,10.518,135.906,2349,,75.777
SC1-2,IEFERJAI4,415,a-axis,88.998,,46.674,,38.784,49.052,,3.929,40.843,2.518,100.925,0.149,10.285,135.829,2348,,71.316
SC1-2,IEFERJAI4,398,a-axis,89.009,,46.667,,38.784,49.891,,3.831,40.001,2.620,96.970,0.146,10.271,134.855,2339,,72.012
SC1-2,IEFERJAI4,380,a-axis,89.066,,46.838,,38.784,47.197,,4.047,39.241,2.644,96.888,0.149,10.249,133.026,2366,,73.418
SC1-2,IEFERJAI4,363,a-axis,89.381,,47.787,,38.784,47.826,,3.975,41.870,2.497,100.517,0.147,10.120,136.713,2382,,72.321
SC1-2,IEFERJAI4,346,a-axis,88.690,,46.475,,38.784,45.466,,4.056,40.782,2.580,97.404,0.146,10.564,134.341,2347,,71.152
SC1-2,IEFERJAI4,328,a-axis,88.861,,46.803,,38.784,41.250,,3.812,39.291,2.489,98.819,0.149,10.458,133.041,2341,,71.795
SC1-2,IEFERJAI4,311,a-axis,88.873,,47.127,,38.784,47.598,,3.872,40.159,2.436,96.635,0.148,10.517,136.342,2354,,74.196
SC1-2,IEFERJAI4,294,a-axis,89.054,,47.714,,38.784,52.493,,4.080,41.511,2.592,99.266,0.153,10.453,136.841,2333,,75.731
SC1-2,IEFERJAI4,277,a-axis,89.089,,46.488,,38.784,47.344,,3.971,39.673,2.563,95.125,0.146,10.149,131.498,2332,,70.685
SC1-2,IEFERJAI4,259,a-axis,89.289,,48.603,,38.784,44.955,,3.950,42.385,2.670,100.479,0.152,10.392,134.720,2413,,73.322
SC1-2,IEFERJAI4,242,a-axis,89.020,,47.071,,38.784,47.539,,3.934,40.694,2.422,97.185,0.152,10.348,136.283,2376,,73.601
SC1-2,IEFERJAI4,225,a-axis,89.146,,47.004,,38.784,47.643,,4.092,40.012,2.571,96.634,0.148,10.201,134.210,2327,,71.993
SC1-2,IEFERJAI4,207,a-axis,89.111,,46.589,,38.784,53.608,,3.967,39.130,2.519,97.104,0.148,10.147,132.563,2330,,70.888
SC1-2,IEFERJAI4,190,a-axis,89.302,,47.321,,38.784,49.048,,4.038,40.637,2.570,97.288,0.149,10.104,133.588,2341,,71.245
SC1-2,IEFERJAI4,173,a-axis,89.317,,47.580,,38.784,46.965,,4.206,39.229,2.527,99.794,0.148,10.144,134.962,2354,,75.034
SC1-2,IEFERJAI4,156,a-axis,89.134,,46.911,,38.784,47.829,,3.957,40.502,2.575,99.224,0.149,10.193,134.975,2362,,74.014
SC1-2,IEFERJAI4,138,a-axis,89.156,,46.807,,38.784,48.682,,3.821,40.122,2.426,98.028,0.150,10.148,131.865,2330,,73.697
SC1-2,IEFERJAI4,121,a-axis,89.111,,47.300,,38.784,49.424,,4.045,40.655,2.592,96.822,0.149,10.302,134.837,2343,,71.137
SC1-2,IEFERJAI4,104,a-axis,89.135,,46.874,,38.784,48.981,,4.341,39.157,2.665,98.556,0.149,10.184,134.189,2394,,72.567
SC1-2,IEFERJAI4,86,a-axis,89.054,,48.114,,38.784,47.110,,4.043,41.298,2.446,98.335,0.151,10.541,136.179,2375,,72.826
SC1-2,IEFERJAI4,69,a-axis,88.929,,46.607,,38.784,44.979,,4.123,40.055,2.625,99.502,0.149,10.342,133.432,2345,,69.885
SC1-2,IEFERJAI4,52,a-axis,89.020,,47.171,,38.784,49.514,,4.153,40.373,2.582,96.659,0.147,10.370,135.076,2360,,72.029
SC1-7,IEFERJAI9,1192,a-axis,88.5,,46.963,,40.792,53.662,,3.515,37.728,2.945,106.944,0.163,10.900,146.629,2556.919,,84.113
SC1-7,IEFERJAI9,1175,a-axis,88.1,,46.149,,40.792,57.507,,3.574,35.011,2.873,109.485,0.161,11.070,147.504,2592.110,,82.959
SC1-7,IEFERJAI9,1158,a-axis,88.3,,47.388,,40.792,66.772,,3.470,35.627,2.942,111.920,0.162,11.145,149.904,2672.621,,85.993
SC1-7,IEFERJAI9,1140,a-axis,88.3,,48.172,,40.792,57.374,,3.884,35.883,2.950,111.108,0.161,11.393,148.704,2616.938,,83.578
SC1-7,IEFERJAI9,1123,a-axis,88.0,,46.958,,40.792,53.529,,3.733,36.761,2.929,114.030,0.164,11.396,150.692,2605.007,,79.674
SC1-7,IEFERJAI9,1106,a-axis,88.4,,47.290,,40.792,53.515,,3.665,35.637,2.903,108.729,0.159,11.084,146.397,2552.398,,80.107
SC1-7,IEFERJAI9,1088,a-axis,88.2,,47.155,,40.792,60.062,,3.689,37.434,2.835,111.475,0.164,11.267,150.331,2626.830,,83.045
SC1-7,IEFERJAI9,1071,a-axis,88.1,,46.675,,40.792,54.647,,3.720,35.733,2.729,109.248,0.157,11.185,148.148,2567.559,,80.188
SC1-7,IEFERJAI9,1054,a-axis,88.2,,47.139,,40.792,57.384,,3.875,36.385,2.897,109.528,0.163,11.198,148.807,2593.627,,81.237
SC1-7,IEFERJAI9,1037,a-axis,87.9,,46.520,,40.792,51.307,,3.905,35.109,2.993,111.695,0.161,11.387,149.246,2599.542,,79.780
SC1-7,IEFERJAI9,1019,a-axis,88.0,,46.474,,40.792,61.951,,3.817,35.873,2.571,110.817,0.161,11.270,149.609,2608.545,,80.467
SC1-7,IEFERJAI9,1002,a-axis,88.1,,46.491,,40.792,50.132,,3.921,36.428,2.991,110.979,0.162,11.155,147.819,2578.488,,79.044
SC1-7,IEFERJAI9,985,a-axis,88.2,,46.555,,40.792,55.625,,3.701,37.737,2.662,110.035,0.162,11.100,148.873,2577.327,,81.996
SC1-7,IEFERJAI9,967,a-axis,87.7,,45.884,,40.792,53.583,,3.661,35.834,2.908,108.031,0.161,11.435,146.793,2613.021,,81.062
SC1-7,IEFERJAI9,950,a-axis,88.3,,47.194,,40.792,60.097,,3.710,37.691,2.900,109.812,0.162,11.191,150.544,2576.118,,80.781
SC1-7,IEFERJAI9,933,a-axis,88.4,,47.144,,40.792,59.126,,3.879,36.862,2.767,108.853,0.163,11.067,149.758,2624.355,,82.434
SC1-7,IEFERJAI9,916,a-axis,88.1,,46.860,,40.792,58.955,,3.826,35.440,2.711,109.514,0.161,11.283,149.003,2615.051,,80.542
SC1-7,IEFERJAI9,898,a-axis,88.2,,47.263,,40.792,65.958,,3.830,35.747,2.866,110.672,0.161,11.313,147.500,2605.890,,79.624
SC1-7,IEFERJAI9,881,a-axis,88.4,,47.199,,40.792,63.132,,3.845,36.479,2.891,106.632,0.158,11.022,145.550,2601.195,,78.960
SC1-7,IEFERJAI9,864,a-axis,88.3,,47.862,,40.792,62.797,,3.725,36.239,2.814,110.766,0.166,11.336,151.430,2629.681,,82.103
SC1-7,IEFERJAI9,846,a-axis,88.3,,46.222,,40.792,57.175,,3.931,36.956,2.836,109.396,0.164,10.880,145.752,2517.190,,77.926
SC1-7,IEFERJAI9,829,a-axis,88.3,,46.902,,40.792,57.763,,3.916,36.541,2.619,108.233,0.163,11.103,148.029,2529.027,,79.332
SC1-7,IEFERJAI9,812,a-axis,88.3,,47.631,,40.792,53.743,,4.081,37.312,2.728,108.353,0.162,11.197,147.714,2552.643,,80.405
SC1-7,IEFERJAI9,795,a-axis,88.4,,47.050,,40.792,54.586,,4.046,35.961,2.745,108.339,0.159,10.975,147.160,2520.654,,76.973
SC1-7,IEFERJAI9,777,a-axis,88.4,,47.314,,40.792,58.675,,3.763,36.376,2.738,108.795,0.158,11.055,148.762,2561.916,,77.735
SC1-7,IEFERJAI9,760,a-axis,88.6,,45.813,,40.792,52.984,,3.856,36.700,2.800,102.959,0.154,10.532,141.211,2483.858,,74.809
SC1-7,IEFERJAI9,743,a-axis,88.4,,46.004,,40.792,57.679,,3.585,37.202,2.685,105.021,0.154,10.741,143.499,2484.732,,76.730
SC1-7,IEFERJAI9,725,a-axis,88.1,,45.881,,40.792,51.581,,3.557,35.085,2.623,107.269,0.158,11.053,145.814,2548.873,,77.561
SC1-7,IEFERJAI9,708,a-axis,88.4,,47.424,,40.792,55.579,,3.880,37.261,2.703,106.874,0.157,11.081,148.381,2567.782,,79.144
SC1-7,IEFERJAI9,691,a-axis,88.4,,46.713,,40.792,58.204,,4.021,36.673,2.777,111.255,0.159,10.948,147.087,2561.697,,77.524
SC1-7,IEFERJAI9,673,a-axis,88.2,,46.819,,40.792,55.592,,3.993,36.261,2.717,107.632,0.159,11.151,145.263,2560.592,,78.210
SC1-7,IEFERJAI9,656,a-axis,88.5,,46.258,,40.792,57.164,,3.816,35.796,2.634,106.447,0.157,10.728,142.312,2480.602,,77.026
SC1-7,IEFERJAI9,639,a-axis,88.4,,46.914,,40.792,57.348,,3.900,36.726,2.750,106.883,0.157,10.943,143.535,2564.636,,76.041
SC1-7,IEFERJAI9,622,a-axis,88.3,,46.519,,40.792,64.064,,3.929,35.451,2.731,107.160,0.161,10.984,146.850,2492.384,,76.888
SC1-7,IEFERJAI9,605,a-axis,88.3,,47.269,,40.792,50.951,,3.950,38.265,2.624,107.683,0.164,11.194,147.600,2566.313,,77.026
SC1-7,IEFERJAI9,587,a-axis,88.4,,47.662,,40.792,59.111,,3.822,36.518,2.728,106.625,0.160,11.200,146.750,2534.238,,78.421
SC1-7,IEFERJAI9,570,a-axis,88.1,,46.051,,40.792,62.823,,3.405,37.091,2.683,105.587,0.161,11.102,144.865,2511.684,,77.467
SC1-7,IEFERJAI9,553,a-axis,88.5,,46.993,,40.792,59.071,,3.561,36.692,2.871,107.184,0.159,10.867,145.254,2515.746,,77.630
SC1-7,IEFERJAI9,535,a-axis,88.2,,46.400,,40.792,58.681,,3.849,36.613,2.822,107.570,0.160,11.046,145.466,2530.314,,79.122
SC1-7,IEFERJAI9,518,a-axis,88.5,,47.718,,40.792,53.373,,3.815,36.436,2.688,107.429,0.157,11.028,144.938,2588.591,,80.158
SC1-7,IEFERJAI9,501,a-axis,88.3,,47.398,,40.792,58.467,,4.138,35.338,2.760,109.113,0.161,11.157,144.354,2579.327,,76.311
SC1-7,IEFERJAI9,483,a-axis,88.3,,46.897,,40.792,56.859,,3.934,35.838,2.717,107.531,0.160,11.063,147.485,2527.557,,79.415
SC1-7,IEFERJAI9,466,a-axis,88.3,,47.423,,40.792,60.407,,3.804,35.825,2.879,108.941,0.160,11.196,145.151,2561.580,,77.325
SC1-7,IEFERJAI9,449,a-axis,88.1,,46.834,,40.792,52.651,,3.784,36.828,2.772,109.700,0.159,11.273,145.150,2533.837,,79.003
SC1-7,IEFERJAI9,432,a-axis,88.2,,46.665,,40.792,48.265,,3.657,34.939,2.900,108.849,0.162,11.127,149.156,2556.531,,77.588
SC1-7,IEFERJAI9,414,a-axis,88.2,,47.080,,40.792,52.177,,3.759,35.827,2.699,109.946,0.160,11.275,145.939,2582.793,,78.665
SC1-7,IEFERJAI9,397,a-axis,88.1,,46.655,,40.792,61.618,,4.033,35.415,2.982,108.468,0.160,11.277,147.847,2585.169,,78.286
SC1-7,IEFERJAI9,380,a-axis,88.0,,46.068,,40.792,59.342,,4.040,35.301,2.677,107.626,0.159,11.173,148.216,2562.212,,77.248
SC1-7,IEFERJAI9,362,a-axis,88.2,,47.560,,40.792,59.810,,4.048,36.308,2.715,110.186,0.161,11.370,149.918,2610.627,,81.801
SC1-7,IEFERJAI9,345,a-axis,88.0,,46.933,,40.792,55.971,,3.811,34.261,2.873,108.190,0.162,11.383,150.884,2587.539,,78.385
SC1-7,IEFERJAI9,328,a-axis,88.2,,46.808,,40.792,53.416,,3.907,35.164,2.806,108.672,0.164,11.143,149.229,2567.872,,78.411
SC1-7,IEFERJAI9,311,a-axis,88.2,,47.358,,40.792,58.600,,3.943,35.415,2.836,108.347,0.161,11.336,148.243,2593.232,,77.705
SC1-7,IEFERJAI9,293,a-axis,88.1,,46.457,,40.792,55.838,,4.044,35.220,2.774,108.905,0.158,11.152,146.494,2525.026,,78.641
SC1-7,IEFERJAI9,276,a-axis,88.3,,47.531,,40.792,52.210,,3.901,35.511,2.619,107.623,0.164,11.235,149.822,2578.747,,79.671
SC1-7,IEFERJAI9,259,a-axis,88.1,,46.587,,40.792,57.524,,3.999,34.881,2.818,106.806,0.157,11.165,146.245,2514.461,,77.185
SC1-7,IEFERJAI9,241,a-axis,88.2,,47.271,,40.792,57.131,,3.934,35.278,2.698,108.489,0.162,11.257,148.637,2550.335,,77.632
SC1-7,IEFERJAI9,224,a-axis,88.4,,47.261,,40.792,58.447,,3.933,35.401,2.773,108.609,0.159,11.089,148.168,2565.901,,77.357
SC1-7,IEFERJAI9,207,a-axis,88.6,,47.614,,40.792,59.171,,3.703,36.681,2.792,105.750,0.160,10.970,144.974,2544.411,,80.103
SC1-7,IEFERJAI9,190,a-axis,88.4,,47.139,,40.792,55.187,,3.724,35.697,2.706,109.624,0.160,11.018,148.889,2582.671,,78.967
SC1-7,IEFERJAI9,172,a-axis,88.3,,47.490,,40.792,55.311,,3.976,34.691,2.836,108.469,0.159,11.202,145.294,2521.551,,79.789
SC1-7,IEFERJAI9,155,a-axis,88.4,,47.205,,40.792,59.093,,3.798,33.842,2.664,107.754,0.160,11.028,143.511,2507.905,,78.599
SC1-7,IEFERJAI9,138,a-axis,88.8,,47.940,,40.792,52.973,,3.811,35.346,2.532,107.816,0.158,10.791,143.374,2513.841,,79.313
SC1-7,IEFERJAI9,120,a-axis,88.5,,47.362,,40.792,60.457,,3.872,35.732,2.760,104.915,0.158,10.990,145.675,2547.356,,80.313
SC1-7,IEFERJAI9,103,a-axis,88.6,,47.261,,40.792,57.342,,4.188,35.970,2.507,105.234,0.159,10.871,142.678,2493.701,,81.123
SC1-7,IEFERJAI9,86,a-axis,88.3,,46.177,,40.792,52.678,,3.898,37.449,2.658,103.483,0.153,10.888,142.075,2533.115,,80.192
SC1-7,IEFERJAI9,69,a-axis,88.4,,47.254,,40.792,59.522,,4.092,37.960,2.602,105.430,0.158,11.024,143.436,2533.419,,83.368
SC1-7,IEFERJAI9,51,a-axis,88.5,,47.410,,40.792,56.352,,3.815,38.269,2.645,106.257,0.159,10.993,143.162,2519.790,,81.149
SC1-7,IEFERJAI9,34,a-axis,89.0,,47.528,,40.792,51.615,,3.810,36.165,2.726,108.068,0.159,10.462,140.501,2468.482,,80.653
